"DESCRIPTION","DURATION IN MS","NAME","PARENT SUITE","START TIME","STATUS","STOP TIME","SUB SUITE","SUITE","TEST CLASS","TEST METHOD"
"","10623","TC-SEARCH-GUEST-007: Guest click Popular Tag từ tag cloud thành công @regression @guest","Photo AC - Guest","2026-09-23","passed","2026-09-23","Firefox","search-guest.spec","",""
"","21633","TC-SEARCH-GUEST-004: Guest tìm kiếm từ khóa mới trực tiếp từ trang kết quả @regression @guest","Photo AC - Guest","2026-09-23","passed","2026-09-23","Firefox","search-guest.spec","",""
"","14182","TC-SEARCH-GUEST-003: Hiển thị thông báo khi không tìm thấy ảnh nào khớp từ khóa @regression @guest","Photo AC - Guest","2026-09-23","passed","2026-09-23","Firefox","search-guest.spec","",""
"","14977","TC-SEARCH-GUEST-002: Guest tìm kiếm nhiều từ khóa kết hợp: hiển thị kết quả @regression @guest","Photo AC - Guest","2026-09-23","passed","2026-09-23","Firefox","search-guest.spec","",""
"","19413","TC-SEARCH-GUEST-027: Guest kết hợp Đa bộ lọc (Chiều ngang + Không có người + Loại trừ AI) qua UI Toolbar @regression @guest","Photo AC - Guest","2026-09-23","passed","2026-09-23","Firefox","search-guest.spec","",""
"","19657","TC-SEARCH-GUEST-015: Guest lọc ảnh Không có người (無人) qua Toolbar @regression @guest","Photo AC - Guest","2026-09-23","passed","2026-09-23","Firefox","search-guest.spec","",""
"","16718","TC-SEARCH-GUEST-025: Guest loại trừ ảnh của Tác giả (Acworks) qua menu Detailed Search Toolbar @regression @guest","Photo AC - Guest","2026-09-23","passed","2026-09-23","Firefox","search-guest.spec","",""
"","19777","TC-SEARCH-GUEST-029: Khách vãng lai tìm kiếm chính xác ảnh theo Mã素材ID qua menu Detailed Search @regression @guest","Photo AC - Guest","2026-09-23","passed","2026-09-23","Firefox","search-guest.spec","",""
"","19824","TC-SEARCH-GUEST-016: Guest lọc ảnh có 1 người mẫu (1人) qua Toolbar @regression @guest","Photo AC - Guest","2026-09-23","passed","2026-09-23","Firefox","search-guest.spec","",""
"","18349","TC-SEARCH-GUEST-019: Guest lọc ảnh có Giấy phép người mẫu (取得済のみ) qua menu Display Conditions @regression @guest","Photo AC - Guest","2026-09-23","passed","2026-09-23","Firefox","search-guest.spec","",""
"","21776","TC-SEARCH-GUEST-026: Guest kết hợp Từ khóa + 2 người mẫu + Model Release qua UI Toolbar @regression @guest","Photo AC - Guest","2026-09-23","passed","2026-09-23","Firefox","search-guest.spec","",""
"","16314","TC-SEARCH-GUEST-012: Guest lọc kích thước ảnh Lサイズ qua Toolbar ""ファイル・向き"" @regression @guest","Photo AC - Guest","2026-09-23","passed","2026-09-23","Firefox","search-guest.spec","",""
"","9769","TC-SEARCH-GUEST-006: Guest click Top Keyword chuyển hướng đến trang kết quả tìm kiếm @regression @guest","Photo AC - Guest","2026-09-23","passed","2026-09-23","Firefox","search-guest.spec","",""
"","13873","TC-SEARCH-GUEST-005: Xóa nhanh từ khóa trong ô tìm kiếm bằng nút Reset @regression @guest","Photo AC - Guest","2026-09-23","passed","2026-09-23","Firefox","search-guest.spec","",""
"","19527","TC-SEARCH-GUEST-040: Khách vãng lai khi đạt hạn mức tìm kiếm thì AI Toggle tự động bật màu vàng và cho phép nhập tìm kiếm bằng AI @regression @guest","Photo AC - Guest","2026-09-23","passed","2026-09-23","Firefox","search-guest.spec","",""
"","16051","TC-SEARCH-GUEST-031: Truy cập PSD Format Search và giữ tham số sizesec=psd khi chuyển trang @regression @guest","Photo AC - Guest","2026-09-23","passed","2026-09-23","Firefox","search-guest.spec","",""
"","10003","TC-SEARCH-GUEST-021: Guest bật bộ lọc Loại trừ ảnh do AI tạo @regression @guest","Photo AC - Guest","2026-09-23","passed","2026-09-23","Firefox","search-guest.spec","",""
"","15439","TC-SEARCH-GUEST-028: Guest upload ảnh để tìm kiếm hình ảnh tương đồng @regression @guest","Photo AC - Guest","2026-09-23","passed","2026-09-23","Firefox","search-guest.spec","",""
"","34670","TC-SEARCH-GUEST-036: Giữ nguyên tùy chọn Sắp xếp ""新着順"" khi chuyển sang Trang 2 @regression @guest","Photo AC - Guest","2026-09-23","passed","2026-09-23","Firefox","search-guest.spec","",""
"","15041","TC-SEARCH-GUEST-008: Guest lọc kết quả theo Chiều dọc (縦長) qua Toolbar @regression @guest","Photo AC - Guest","2026-09-23","passed","2026-09-23","Firefox","search-guest.spec","",""
"","19464","TC-SEARCH-GUEST-017: Guest lọc ảnh có từ 3 người mẫu trở lên (3人以上) qua Toolbar @regression @guest","Photo AC - Guest","2026-09-23","passed","2026-09-23","Firefox","search-guest.spec","",""
"","15699","TC-SEARCH-GUEST-023: Guest lọc kết quả với Từ khóa loại trừ (除外キーワード) @regression @guest","Photo AC - Guest","2026-09-23","passed","2026-09-23","Firefox","search-guest.spec","",""
"","12147","TC-SEARCH-GUEST-010: Guest lọc định dạng ảnh PSD qua Toolbar ""ファイル・向き"" @regression @guest","Photo AC - Guest","2026-09-23","passed","2026-09-23","Firefox","search-guest.spec","",""
"","19315","TC-SEARCH-GUEST-020: Guest lọc ảnh có Giấy phép tài sản (取得済のみ) qua menu Display Conditions @regression @guest","Photo AC - Guest","2026-09-23","passed","2026-09-23","Firefox","search-guest.spec","",""
"","15306","TC-SEARCH-GUEST-024: Guest tìm kiếm ảnh theo Tác giả (Acworks) qua menu Detailed Search Toolbar @regression @guest","Photo AC - Guest","2026-09-23","passed","2026-09-23","Firefox","search-guest.spec","",""
"","11395","TC-SEARCH-GUEST-034: Guest bị chặn sắp xếp ""人気順"" và hiển thị popover nâng cấp Premium @regression @guest","Photo AC - Guest","2026-09-23","passed","2026-09-23","Firefox","search-guest.spec","",""
"","22390","TC-SEARCH-GUEST-032: Guest click AI Face thumbnail từ trang Detail tìm kiếm ảnh cùng khuôn mặt và giữ nguyên khi phân trang @regression @guest","Photo AC - Guest","2026-09-23","passed","2026-09-23","Firefox","search-guest.spec","",""
"","16218","TC-SEARCH-GUEST-022: Guest bật bộ lọc Tìm kiếm khớp chính xác (完全一致) @regression @guest","Photo AC - Guest","2026-09-23","passed","2026-09-23","Firefox","search-guest.spec","",""
"","14350","TC-SEARCH-GUEST-033: Guest sắp xếp kết quả theo ""新着順"" (Mới nhất) thành công @regression @guest","Photo AC - Guest","2026-09-23","passed","2026-09-23","Firefox","search-guest.spec","",""
"","11156","TC-SEARCH-GUEST-038: Guest chạm hạn mức tìm kiếm hiển thị Modal giới hạn và CTA Đăng ký @regression @guest","Photo AC - Guest","2026-09-23","passed","2026-09-23","Firefox","search-guest.spec","",""
"","16973","TC-SEARCH-GUEST-013: Guest lọc ảnh theo Danh mục (人物) qua Toolbar dropdown @regression @guest","Photo AC - Guest","2026-09-23","passed","2026-09-23","Firefox","search-guest.spec","",""
"","13779","TC-SEARCH-GUEST-001: Guest tìm kiếm từ khóa hợp lệ: hiển thị kết quả @smoke @guest","Photo AC - Guest","2026-09-23","passed","2026-09-23","Firefox","search-guest.spec","",""
"","19066","TC-SEARCH-GUEST-014: Guest lọc ảnh theo Màu sắc (青 / Blue) qua Toolbar @regression @guest","Photo AC - Guest","2026-09-23","passed","2026-09-23","Firefox","search-guest.spec","",""
"","18861","TC-SEARCH-GUEST-018: Guest lọc người mẫu theo Độ tuổi (若者) qua Toolbar ""人物指定"" @regression @guest","Photo AC - Guest","2026-09-23","passed","2026-09-23","Firefox","search-guest.spec","",""
"","14597","TC-SEARCH-GUEST-009: Guest lọc kết quả theo Chiều ngang (横長) qua Toolbar @regression @guest","Photo AC - Guest","2026-09-23","passed","2026-09-23","Firefox","search-guest.spec","",""
"","28189","TC-SEARCH-GUEST-035: Guest chuyển trang phân trang (Next / Prev) thành công @regression @guest","Photo AC - Guest","2026-09-23","passed","2026-09-23","Firefox","search-guest.spec","",""
"","19604","TC-SEARCH-GUEST-037: Verify số lượng ảnh hiển thị mặc định đạt 70 ảnh trên mỗi trang và radio 70 được check default @regression @guest","Photo AC - Guest","2026-09-23","passed","2026-09-23","Firefox","search-guest.spec","",""
"","13769","TC-SEARCH-GUEST-039: Khách vãng lai khi chưa chạm hạn mức tìm kiếm thì AI Toggle tự động tắt @regression @guest","Photo AC - Guest","2026-09-23","passed","2026-09-23","Firefox","search-guest.spec","",""
"","15727","TC-SEARCH-GUEST-030: Truy cập Recommended Search và giữ tham số rcm=1 khi chuyển trang @regression @guest","Photo AC - Guest","2026-09-23","passed","2026-09-23","Firefox","search-guest.spec","",""
"","16132","TC-SEARCH-GUEST-011: Guest lọc kích thước ảnh Mサイズ以上 qua Toolbar ""ファイル・向き"" @regression @guest","Photo AC - Guest","2026-09-23","passed","2026-09-23","Firefox","search-guest.spec","",""
